Time(Iteration),CascadeUCB1-Attack,BatchRank-Attack,TopRank-Attack
0,0,0,0
1,0,0,0
2,0,0,0
3,0,0,0
4,0,0,0
5,0,0,0
6,0,0,0
7,0,0,0
8,0,0,0
9,0,0,0
10,0,0,0
11,0,0,0
12,0,0,0
13,0,0,0
14,0,0,0
15,0,0,0
16,0,0,0
17,0,0,0
18,0,0,0
19,0,0,0
20,0,0,0
21,0,0,0
22,0,0,0
23,0,0,0
24,0,0,0
25,0,0,0
26,0,0,0
27,0,0,0
28,0,0,0
29,0,0,0
30,0,0,0
31,0,0,0
32,0,0,0
33,0,0,0
34,0,0,0
35,0,0,0
36,0,0,0
37,0,0,0
38,0,0,0
39,0,0,0
40,0,0,0
41,0,0,0
42,0,0,0
43,0,0,0
44,0,0,0
45,0,0,0
46,0,0,0
47,0,0,0
48,0,0,0
49,0,0,0
50,0,0,0
51,0,0,0
52,0,0,0
53,0,0,0
54,0,0,0
55,0,0,0
56,0,0,0
57,0,0,0
58,0,0,0
59,0,0,0
60,0,0,0
61,0,0,0
62,0,0,0
63,0,0,0
64,0,0,0
65,0,0,0
66,0,0,0
67,0,0,0
68,0,0,0
69,0,0,0
70,0,0,0
71,0,0,0
72,0,0,0
73,0,0,0
74,0,0,0
75,0,0,0
76,0,0,0
77,0,0,0
78,0,0,0
79,0,0,0
80,0,0,0
81,0,0,0
82,0,0,0
83,0,0,0
84,0,0,0
85,0,0,0
86,0,0,0
87,0,0,0
88,0,0,0
89,0,0,0
90,0,0,0
91,0,0,0
92,0,0,0
93,0,0,0
94,0,0,0
95,0,0,0
96,0,0,0
97,0,0,0
98,0,0,0
99,0,0,0
100,0,0,0
101,0,0,0
102,0,0,0
103,0,0,0
104,0,0,0
105,0,0,0
106,0,0,0
107,0,0,0
108,0,0,0
109,0,0,0
110,0,0,0
111,0,0,0
112,0,0,0
113,0,0,0
114,0,0,0
115,0,0,0
116,0,0,0
117,0,0,0
118,0,0,0
119,0,0,0
120,0,0,0
121,0,0,0
122,0,0,0
123,0,0,0
124,0,0,0
125,0,0,0
126,0,0,0
127,0,0,0
128,0,0,0
129,0,0,0
130,0,0,0
131,0,0,0
132,0,0,0
133,0,0,0
134,0,0,0
135,0,0,0
136,0,0,0
137,0,0,0
138,0,0,0
139,0,0,0
140,0,0,0
141,0,0,0
142,0,0,0
143,0,0,0
144,0,0,0
145,0,0,0
146,0,0,0
147,0,0,0
148,0,0,0
149,0,0,0
150,0,0,0
151,0,0,0
152,0,0,0
153,0,0,0
154,0,0,0
155,0,0,0
156,0,0,0
157,0,0,0
158,0,0,0
159,0,0,0
160,0,0,0
161,0,0,0
162,0,0,0
163,0,0,0
164,0,0,0
165,0,0,0
166,0,0,0
167,0,0,0
168,0,0,0
169,0,0,0
170,0,0,0
171,0,0,0
172,0,0,0
173,0,0,0
174,0,0,0
175,0,0,0
176,0,0,0
177,0,0,0
178,0,0,0
179,0,0,0
180,0,0,0
181,0,0,0
182,0,0,0
183,0,0,0
184,0,0,0
185,0,0,0
186,0,0,0
187,0,0,0
188,0,0,0
189,0,0,0
190,0,0,0
191,0,0,0
192,0,0,0
193,0,0,0
194,0,0,0
195,0,0,0
196,0,0,0
197,0,0,0
198,0,0,0
199,0,0,0
200,0,0,0
201,0,0,0
202,0,0,0
203,0,0,0
204,0,0,0
205,0,0,0
206,0,0,0
207,0,0,0
208,0,0,0
209,0,0,0
210,0,0,0
211,0,0,0
212,0,0,0
213,0,0,0
214,0,0,0
215,0,0,0
216,0,0,0
217,0,0,0
218,0,0,0
219,0,0,0
220,0,0,0
221,0,0,0
222,0,0,0
223,0,0,0
224,0,0,0
225,0,0,0
226,0,0,0
227,0,0,0
228,0,0,0
229,0,0,0
230,0,0,0
231,0,0,0
232,0,0,0
233,0,0,0
234,0,0,0
235,0,0,0
236,0,0,0
237,0,0,0
238,0,0,0
239,0,0,0
240,0,0,0
241,0,0,0
242,0,0,0
243,0,0,0
244,0,0,0
245,0,0,0
246,0,0,0
247,0,0,0
248,0,0,0
249,0,0,0
250,0,0,0
251,0,0,0
252,0,0,0
253,0,0,0
254,0,0,0
255,0,0,0
256,0,0,0
257,0,0,0
258,0,0,0
259,0,0,0
260,0,0,0
261,0,0,0
262,0,0,0
263,0,0,0
264,0,0,0
265,0,0,0
266,0,0,0
267,0,0,0
268,0,0,0
269,0,0,0
270,0,0,0
271,0,0,0
272,0,0,0
273,0,0,0
274,0,0,0
275,0,0,0
276,0,0,0
277,0,0,0
278,0,0,0
279,0,0,0
280,0,0,0
281,0,0,0
282,0,0,0
283,0,0,0
284,0,0,0
285,0,0,0
286,0,0,0
287,0,0,0
288,0,0,0
289,0,0,0
290,0,0,0
291,0,0,0
292,0,0,0
293,0,0,0
294,0,0,0
295,0,0,0
296,0,0,0
297,0,0,0
298,0,0,0
299,0,0,0
300,0,0,0
301,0,0,0
302,0,0,0
303,0,0,0
304,0,0,0
305,0,0,0
306,0,0,0
307,0,0,0
308,0,0,0
309,0,0,0
310,0,0,0
311,0,0,0
312,0,0,0
313,0,0,0
314,0,0,0
315,0,0,0
316,0,0,0
317,0,0,0
318,0,0,0
319,0,0,0
320,0,0,0
321,0,0,0
322,0,0,0
323,0,0,0
324,0,0,0
325,0,0,0
326,0,0,0
327,0,0,0
328,0,0,0
329,0,0,0
330,0,0,0
331,0,0,0
332,0,0,0
333,0,0,0
334,0,0,0
335,0,0,0
336,0,0,0
337,0,0,0
338,0,0,0
339,0,0,0
340,0,0,0
341,0,0,0
342,0,0,0
343,0,0,0
344,0,0,0
345,0,0,0
346,0,0,0
347,0,0,0
348,0,0,0
349,0,0,0
350,0,0,0
351,0,0,0
352,0,0,0
353,0,0,0
354,0,0,0
355,0,0,0
356,0,0,0
357,0,0,0
358,0,0,0
359,0,0,0
360,0,0,0
361,0,0,0
362,0,0,0
363,0,0,0
364,0,0,0
365,0,0,0
366,0,0,0
367,0,0,0
368,0,0,0
369,0,0,0
370,0,0,0
371,0,0,0
372,0,0,0
373,0,0,0
374,0,0,0
375,0,0,0
376,0,0,0
377,0,0,0
378,0,0,0
379,0,0,0
380,0,0,0
381,0,0,0
382,0,0,0
383,0,0,0
384,0,0,0
385,0,0,0
386,0,0,0
387,0,0,0
388,0,0,0
389,0,0,0
390,0,0,0
391,0,0,0
392,0,0,0
393,0,0,0
394,0,0,0
395,0,0,0
396,0,0,0
397,0,0,0
398,0,0,0
399,0,0,0
400,0,0,0
401,0,0,0
402,0,0,0
403,0,0,0
404,0,0,0
405,0,0,0
406,0,0,0
407,0,0,0
408,0,0,0
409,0,0,0
410,0,0,0
411,0,0,0
412,0,0,0
413,0,0,0
414,0,0,0
415,0,0,0
416,0,0,0
417,0,0,0
418,0,0,0
419,0,0,0
420,0,0,0
421,0,0,0
422,0,0,0
423,0,0,0
424,0,0,0
425,0,0,0
426,0,0,0
427,0,0,0
428,0,0,0
429,0,0,0
430,0,0,0
431,0,0,0
432,0,0,0
433,0,0,0
434,0,0,0
435,1,0,0
436,2,0,0
437,3,0,0
438,3,0,0
439,4,0,0
440,5,0,0
441,6,0,0
442,6,0,0
443,6,0,0
444,6,0,0
445,6,0,0
446,6,0,0
447,6,0,0
448,6,0,0
449,6,0,0
450,6,0,0
451,6,0,0
452,6,0,0
453,6,0,0
454,6,0,0
455,6,0,0
456,6,0,0
457,6,0,0
458,6,0,0
459,6,0,0
460,6,0,0
461,6,0,0
462,6,0,0
463,6,0,0
464,6,0,0
465,6,0,0
466,6,0,0
467,6,0,0
468,6,0,0
469,6,0,0
470,6,0,0
471,6,0,0
472,6,0,0
473,6,0,0
474,6,0,0
475,6,0,0
476,6,0,0
477,6,0,0
478,6,0,0
479,6,0,0
480,6,0,0
481,6,0,0
482,6,0,0
483,6,0,0
484,6,0,0
485,6,0,0
486,6,0,0
487,6,0,0
488,6,0,0
489,6,0,0
490,6,0,0
491,6,0,0
492,6,0,0
493,6,0,0
494,6,0,0
495,6,0,0
496,6,0,0
497,6,0,0
498,6,0,0
499,6,0,0
500,6,0,0
501,6,0,0
502,6,0,0
503,6,0,0
504,6,0,0
505,6,0,0
506,6,0,0
507,6,0,0
508,6,0,0
509,6,0,0
510,6,0,0
511,6,0,0
512,6,0,0
513,6,0,0
514,6,0,0
515,6,0,0
516,6,0,0
517,6,0,0
518,6,0,0
519,6,0,0
520,6,0,0
521,6,0,0
522,6,0,0
523,6,0,0
524,6,0,0
525,6,0,0
526,6,0,0
527,6,0,0
528,6,0,0
529,6,0,0
530,6,0,0
531,6,0,0
532,6,0,0
533,6,0,0
534,6,0,0
535,6,0,0
536,6,0,0
537,6,0,0
538,6,0,0
539,6,0,0
540,6,0,0
541,6,0,0
542,6,0,0
543,6,0,0
544,6,0,0
545,6,0,0
546,6,0,0
547,6,0,0
548,6,0,0
549,6,0,0
550,6,0,0
551,6,0,0
552,6,0,0
553,6,0,0
554,6,0,0
555,6,0,0
556,6,0,0
557,6,0,0
558,6,0,0
559,6,0,0
560,6,0,0
561,6,0,0
562,6,0,0
563,6,0,0
564,6,0,0
565,6,0,0
566,6,0,0
567,6,0,0
568,6,0,0
569,6,0,0
570,6,0,0
571,6,0,0
572,6,0,0
573,6,0,0
574,6,0,0
575,6,0,0
576,6,0,0
577,6,0,0
578,6,0,0
579,6,0,0
580,6,0,0
581,6,0,0
582,6,0,0
583,6,0,0
584,6,0,0
585,6,0,0
586,6,0,0
587,6,0,0
588,6,0,0
589,6,0,0
590,6,0,0
591,6,0,0
592,6,0,0
593,6,0,0
594,6,0,0
595,6,0,0
596,6,0,0
597,6,0,0
598,6,0,0
599,6,0,0
600,6,0,0
601,6,0,0
602,6,0,0
603,6,0,0
604,6,0,0
605,6,0,0
606,6,0,0
607,6,0,0
608,6,0,0
609,6,0,0
610,6,0,0
611,6,0,0
612,6,0,0
613,6,0,0
614,6,0,0
615,6,0,0
616,6,0,0
617,6,0,0
618,6,0,0
619,6,0,0
620,6,0,0
621,6,0,0
622,6,0,0
623,6,0,0
624,6,0,0
625,6,0,0
626,6,0,0
627,6,0,0
628,6,0,0
629,6,0,0
630,6,0,0
631,6,0,0
632,6,0,0
633,6,0,0
634,6,0,0
635,6,0,0
636,6,0,0
637,6,0,0
638,6,0,0
639,6,0,0
640,6,0,0
641,6,0,0
642,6,0,0
643,6,0,0
644,6,0,0
645,6,0,0
646,6,0,0
647,6,0,0
648,6,0,0
649,6,0,0
650,6,0,0
651,7,0,0
652,8,0,0
653,9,0,0
654,9,0,0
655,9,0,0
656,9,0,0
657,9,0,0
658,9,0,0
659,9,0,0
660,9,0,0
661,9,0,0
662,9,0,0
663,9,0,0
664,9,0,0
665,9,0,0
666,9,0,0
667,9,0,0
668,9,0,0
669,9,0,0
670,9,0,0
671,9,0,0
672,9,0,0
673,9,0,0
674,9,0,0
675,9,0,0
676,9,0,0
677,9,0,0
678,9,0,0
679,9,0,0
680,9,0,0
681,9,0,0
682,9,0,0
683,9,0,0
684,9,0,0
685,9,0,0
686,9,0,0
687,9,0,0
688,9,0,0
689,9,0,0
690,9,0,0
691,9,0,0
692,9,0,0
693,9,0,0
694,9,0,0
695,9,0,0
696,9,0,0
697,9,0,0
698,9,0,0
699,9,0,0
700,9,0,0
701,9,0,0
702,9,0,0
703,9,0,0
704,9,0,0
705,9,0,0
706,9,0,0
707,9,0,0
708,9,0,0
709,9,0,0
710,9,0,0
711,9,0,0
712,9,0,0
713,9,0,0
714,9,0,0
715,9,0,0
716,9,0,0
717,9,0,0
718,9,0,0
719,9,0,0
720,9,0,0
721,9,0,0
722,9,0,0
723,9,0,0
724,9,0,0
725,9,0,0
726,9,0,0
727,9,0,0
728,9,0,0
729,9,0,0
730,9,0,0
731,9,0,0
732,9,0,0
733,9,0,0
734,9,0,0
735,9,0,0
736,9,0,0
737,9,0,0
738,9,0,0
739,9,0,0
740,9,0,0
741,9,0,0
742,9,0,0
743,9,0,0
744,9,0,0
745,9,0,0
746,9,0,0
747,9,0,0
748,9,0,0
749,9,0,0
750,9,0,0
751,9,0,0
752,9,0,0
753,9,0,0
754,9,0,0
755,9,0,0
756,9,0,0
757,9,0,0
758,9,0,0
759,9,0,0
760,9,0,0
761,9,0,0
762,9,0,0
763,9,0,0
764,9,0,0
765,9,0,0
766,9,0,0
767,9,0,0
768,9,0,0
769,9,0,0
770,9,0,0
771,9,0,0
772,9,0,0
773,9,0,0
774,9,0,0
775,9,0,0
776,9,0,0
777,9,0,0
778,9,0,0
779,9,0,0
780,9,0,0
781,9,0,0
782,9,0,0
783,9,0,0
784,9,0,0
785,9,0,0
786,9,0,0
787,9,0,0
788,9,0,0
789,9,0,0
790,9,0,0
791,9,0,0
792,9,0,0
793,9,0,0
794,9,0,0
795,9,0,0
796,9,0,0
797,9,0,0
798,9,0,0
799,9,0,0
800,9,0,0
801,9,0,0
802,9,0,0
803,9,0,0
804,9,0,0
805,9,0,0
806,9,0,0
807,9,0,0
808,9,0,0
809,9,0,0
810,9,0,0
811,9,0,0
812,9,0,0
813,9,0,0
814,9,0,0
815,9,0,0
816,9,0,0
817,9,0,0
818,9,0,0
819,9,0,0
820,9,0,0
821,9,0,0
822,9,0,0
823,9,0,0
824,9,0,0
825,9,0,0
826,9,0,0
827,9,0,0
828,9,0,0
829,9,0,0
830,9,0,0
831,9,0,0
832,9,0,0
833,9,0,0
834,9,0,0
835,9,0,0
836,9,0,0
837,9,0,0
838,9,0,0
839,9,0,0
840,9,0,0
841,9,0,0
842,9,0,0
843,9,0,0
844,9,0,0
845,9,0,0
846,9,0,0
847,9,0,0
848,9,0,0
849,9,0,0
850,9,0,0
851,9,0,0
852,9,0,0
853,9,0,0
854,9,0,0
855,9,0,0
856,9,0,0
857,9,0,0
858,9,0,0
859,9,0,0
860,9,0,0
861,9,0,0
862,9,0,0
863,9,0,0
864,9,0,0
865,9,0,0
866,9,0,0
867,9,0,0
868,9,0,0
869,9,0,0
870,9,0,0
871,9,0,0
872,9,0,0
873,9,0,0
874,9,0,0
875,9,0,0
876,9,0,0
877,9,0,0
878,9,0,0
879,9,0,0
880,9,0,0
881,9,0,0
882,9,0,0
883,9,0,0
884,9,0,0
885,9,0,0
886,9,0,0
887,9,0,0
888,9,0,0
889,9,0,0
890,9,0,0
891,9,0,0
892,9,0,0
893,9,0,0
894,9,0,0
895,9,0,0
896,9,0,0
897,9,0,0
898,9,0,0
899,9,0,0
900,9,0,0
901,9,0,0
902,9,0,0
903,9,0,0
904,9,0,0
905,9,0,0
906,9,0,0
907,9,0,0
908,9,0,0
909,9,0,0
910,9,0,0
911,9,0,0
912,9,0,0
913,9,0,0
914,9,0,0
915,9,0,0
916,9,0,0
917,9,0,0
918,9,0,0
919,9,0,0
920,9,0,0
921,9,0,0
922,9,0,0
923,9,0,0
924,9,0,0
925,9,0,0
926,9,0,0
927,9,0,0
928,9,0,0
929,9,0,0
930,9,0,0
931,9,0,0
932,9,0,0
933,9,0,0
934,9,0,0
935,9,0,0
936,9,0,0
937,9,0,0
938,9,0,0
939,9,0,0
940,9,0,0
941,9,0,0
942,9,0,0
943,9,0,0
944,9,0,0
945,9,0,0
946,9,0,0
947,9,0,0
948,9,0,0
949,9,0,0
950,9,0,0
951,9,0,0
952,9,0,0
953,9,0,0
954,9,0,0
955,9,0,0
956,9,0,0
957,9,0,0
958,9,0,0
959,9,0,0
960,9,0,0
961,9,0,0
962,9,0,0
963,9,0,0
964,9,0,0
965,9,0,0
966,9,0,0
967,9,0,0
968,9,0,0
969,9,0,0
970,9,0,0
971,9,0,0
972,9,0,0
973,9,0,0
974,9,0,0
975,9,0,0
976,9,0,0
977,9,0,0
978,9,0,0
979,9,0,0
980,9,0,0
981,9,0,0
982,9,0,0
983,9,0,0
984,9,0,0
985,9,0,0
986,9,0,0
987,9,0,0
988,9,0,0
989,9,0,0
990,9,0,0
991,9,0,0
992,9,0,0
993,9,0,0
994,9,0,0
995,9,0,0
996,9,0,0
997,9,0,0
998,9,0,0
999,9,0,0
1000,9,0,0
1001,9,0,0
1002,9,0,0
1003,9,0,0
1004,9,0,0
1005,9,0,0
1006,9,0,0
1007,9,0,0
1008,9,0,0
1009,9,0,0
1010,9,0,0
1011,9,0,0
1012,9,0,0
1013,9,0,0
1014,9,0,0
1015,9,0,0
1016,9,0,0
1017,9,0,0
1018,9,0,0
1019,9,0,0
1020,9,0,0
1021,9,0,0
1022,9,0,0
1023,9,0,0
1024,9,0,0
1025,9,0,0
1026,9,0,0
1027,9,0,0
1028,9,0,0
1029,9,0,0
1030,9,0,0
1031,9,0,0
1032,9,0,0
1033,9,0,0
1034,9,0,0
1035,9,0,0
1036,9,0,0
1037,9,0,0
1038,9,0,0
1039,9,0,0
1040,9,0,0
1041,9,0,0
1042,9,0,0
1043,9,0,0
1044,9,0,0
1045,9,0,0
1046,9,0,0
1047,9,0,0
1048,9,0,0
1049,9,0,0
1050,9,0,0
1051,9,0,0
1052,9,0,0
1053,9,0,0
1054,9,0,0
1055,9,0,0
1056,9,0,0
1057,9,0,0
1058,9,0,0
1059,9,0,0
1060,9,0,0
1061,9,0,0
1062,9,0,0
1063,9,0,0
1064,9,0,0
1065,9,0,0
1066,9,0,0
1067,9,0,0
1068,9,0,0
1069,9,0,0
1070,9,0,0
1071,9,0,0
1072,9,0,0
1073,9,0,0
1074,9,0,0
1075,9,0,0
1076,9,0,0
1077,9,0,0
1078,9,0,0
1079,9,0,0
1080,9,0,0
1081,9,0,0
1082,9,0,0
1083,9,0,0
1084,9,0,0
1085,9,0,0
1086,9,0,0
1087,9,0,0
1088,9,0,0
1089,9,0,0
1090,9,0,0
1091,9,0,0
1092,9,0,0
1093,9,0,0
1094,9,0,0
1095,9,0,0
1096,9,0,0
1097,9,0,0
1098,9,0,0
1099,9,0,0
1100,9,0,0
1101,9,0,0
1102,9,0,0
1103,9,0,0
1104,9,0,0
1105,9,0,0
1106,9,0,0
1107,9,0,0
1108,9,0,0
1109,9,0,0
1110,9,0,0
1111,9,0,0
1112,9,0,0
1113,9,0,0
1114,9,0,0
1115,9,0,0
1116,9,0,0
1117,9,0,0
1118,9,0,0
1119,9,0,0
1120,9,0,0
1121,9,0,0
1122,9,0,0
1123,9,0,0
1124,9,0,0
1125,9,0,0
1126,9,0,0
1127,9,0,0
1128,9,0,0
1129,9,0,0
1130,9,0,0
1131,9,0,0
1132,9,0,0
1133,9,0,0
1134,9,0,0
1135,9,0,0
1136,9,0,0
1137,9,0,0
1138,9,0,0
1139,9,0,0
1140,9,0,0
1141,9,0,0
1142,9,0,0
1143,9,0,0
1144,9,0,0
1145,9,0,0
1146,9,0,0
1147,9,0,0
1148,9,0,0
1149,9,0,0
1150,9,0,0
1151,9,0,0
1152,9,0,0
1153,9,0,0
1154,9,0,0
1155,9,0,0
1156,9,0,0
1157,9,0,0
1158,9,0,0
1159,9,0,0
1160,9,0,0
1161,9,0,0
1162,9,0,0
1163,9,0,0
1164,9,0,0
1165,9,0,0
1166,9,0,0
1167,9,0,0
1168,9,0,0
1169,9,0,0
1170,9,0,0
1171,9,0,0
1172,9,0,0
1173,9,0,0
1174,9,0,0
1175,9,0,0
1176,9,0,0
1177,9,0,0
1178,9,0,0
1179,9,0,0
1180,9,0,0
1181,9,0,0
1182,9,0,0
1183,9,0,0
1184,9,0,0
1185,9,0,0
1186,9,0,0
1187,9,0,0
1188,9,0,0
1189,9,0,0
1190,9,0,0
1191,9,0,0
1192,9,0,0
1193,9,0,0
1194,9,0,0
1195,9,0,0
1196,9,0,0
1197,9,0,0
1198,9,0,0
1199,9,0,0
1200,9,0,0
1201,9,0,0
1202,9,0,0
1203,9,0,0
1204,9,0,0
1205,9,0,0
1206,9,0,0
1207,9,0,0
1208,9,0,0
1209,9,0,0
1210,9,0,0
1211,9,0,0
1212,9,0,0
1213,9,0,0
1214,9,0,0
1215,9,0,0
1216,9,0,0
1217,9,0,0
1218,9,0,0
1219,9,0,0
1220,9,0,0
1221,9,0,0
1222,9,0,0
1223,9,0,0
1224,9,0,0
1225,9,0,0
1226,9,0,0
1227,9,0,0
1228,9,0,0
1229,9,0,0
1230,9,0,0
1231,9,0,0
1232,9,0,0
1233,9,0,0
1234,9,0,0
1235,9,0,0
1236,9,0,0
1237,9,0,0
1238,9,0,0
1239,9,0,0
1240,9,0,0
1241,9,0,0
1242,9,0,0
1243,9,0,0
1244,9,0,0
1245,9,0,0
1246,9,0,0
1247,9,0,0
1248,9,0,0
1249,9,0,0
1250,9,0,0
1251,9,0,0
1252,9,0,0
1253,9,0,0
1254,9,0,0
1255,9,0,0
1256,9,0,0
1257,9,0,0
1258,9,0,0
1259,9,0,0
1260,9,0,0
1261,9,0,0
1262,9,0,0
1263,9,0,0
1264,9,0,0
1265,9,0,0
1266,9,0,0
1267,9,0,0
1268,9,0,0
1269,9,0,0
1270,9,0,0
1271,9,0,0
1272,9,0,0
1273,9,0,0
1274,9,0,0
1275,9,0,0
1276,9,0,0
1277,9,0,0
1278,9,0,0
1279,9,0,0
1280,9,0,0
1281,9,0,0
1282,9,0,0
1283,9,0,0
1284,9,0,0
1285,9,0,0
1286,9,0,0
1287,9,0,0
1288,9,0,0
1289,9,0,0
1290,9,0,0
1291,9,0,0
1292,9,0,0
1293,9,0,0
1294,9,0,0
1295,9,0,0
1296,9,0,0
1297,9,0,0
1298,9,0,0
1299,9,0,0
1300,9,0,0
1301,9,0,0
1302,9,0,0
1303,9,0,0
1304,9,0,0
1305,9,0,0
1306,9,0,0
1307,9,0,0
1308,9,0,0
1309,9,0,0
1310,9,0,0
1311,9,0,0
1312,9,0,0
1313,9,0,0
1314,9,0,0
1315,9,0,0
1316,9,0,0
1317,9,0,0
1318,9,0,0
1319,9,0,0
1320,9,0,0
1321,9,0,0
1322,9,0,0
1323,9,0,0
1324,9,0,0
1325,9,0,0
1326,9,0,0
1327,9,0,0
1328,9,0,0
1329,9,0,0
1330,9,0,0
1331,9,0,0
1332,9,0,0
1333,9,0,0
1334,9,0,0
1335,9,0,0
1336,9,0,0
1337,9,0,0
1338,9,0,0
1339,9,0,0
1340,9,0,0
1341,9,0,0
1342,9,0,0
1343,9,0,0
1344,9,0,0
1345,9,0,0
1346,9,0,0
1347,9,0,0
1348,9,0,0
1349,9,0,0
1350,9,0,0
1351,9,0,0
1352,9,0,0
1353,9,0,0
1354,9,0,0
1355,9,0,0
1356,9,0,0
1357,9,0,0
1358,9,0,0
1359,9,0,0
1360,9,0,0
1361,9,0,0
1362,9,0,0
1363,9,0,0
1364,9,0,0
1365,9,0,0
1366,9,0,0
1367,9,0,0
1368,9,0,0
1369,9,0,0
1370,9,0,0
1371,9,0,0
1372,9,0,0
1373,9,0,0
1374,9,0,0
1375,9,0,0
1376,9,0,0
1377,9,0,0
1378,9,0,0
1379,9,0,0
1380,9,0,0
1381,9,0,0
1382,9,0,0
1383,9,0,0
1384,9,0,0
1385,9,0,0
1386,9,0,0
1387,9,0,0
1388,9,0,0
1389,9,0,0
1390,9,0,0
1391,9,0,0
1392,9,0,0
1393,9,0,0
1394,9,0,0
1395,9,0,0
1396,9,0,0
1397,9,0,0
1398,9,0,0
1399,9,0,0
1400,9,0,0
1401,9,0,0
1402,9,0,0
1403,9,0,0
1404,9,0,0
1405,9,0,0
1406,9,0,0
1407,9,0,0
1408,9,0,0
1409,9,0,0
1410,9,0,0
1411,9,0,0
1412,9,0,0
1413,9,0,0
1414,9,0,0
1415,9,0,0
1416,9,0,0
1417,9,0,0
1418,9,0,0
1419,9,0,0
1420,9,0,0
1421,9,0,0
1422,9,0,0
1423,9,0,0
1424,9,0,0
1425,9,0,0
1426,9,0,0
1427,9,0,0
1428,9,0,0
1429,9,0,0
1430,9,0,0
1431,9,0,0
1432,9,0,0
1433,9,0,0
1434,9,0,0
1435,9,0,0
1436,9,0,0
1437,9,0,0
1438,9,0,0
1439,9,0,0
1440,9,0,0
1441,9,0,0
1442,9,0,0
1443,9,0,0
1444,9,0,0
1445,9,0,0
1446,9,0,0
1447,9,0,0
1448,9,0,0
1449,9,0,0
1450,9,0,0
1451,9,0,0
1452,9,0,0
1453,9,0,0
1454,9,0,0
1455,9,0,0
1456,9,0,0
1457,9,0,0
1458,9,0,0
1459,9,0,0
1460,9,0,0
1461,9,0,0
1462,9,0,0
1463,9,0,0
1464,9,0,0
1465,9,0,0
1466,9,0,0
1467,9,0,0
1468,9,0,0
1469,9,0,0
1470,9,0,0
1471,9,0,0
1472,9,0,0
1473,9,0,0
1474,9,0,0
1475,9,0,0
1476,9,0,0
1477,9,0,0
1478,9,0,0
1479,9,0,0
1480,9,0,0
1481,9,0,0
1482,9,0,0
1483,9,0,0
1484,9,0,0
1485,9,0,0
1486,9,0,0
1487,9,0,0
1488,9,0,0
1489,9,0,0
1490,9,0,0
1491,9,0,0
1492,9,0,0
1493,9,0,0
1494,9,0,0
1495,9,0,0
1496,9,0,0
1497,9,0,0
1498,9,0,0
1499,9,0,0
1500,9,0,0
1501,9,0,0
1502,9,0,0
1503,9,0,0
1504,9,0,0
1505,9,0,0
1506,9,0,0
1507,9,0,0
1508,9,0,0
1509,9,0,0
1510,9,0,0
1511,9,0,0
1512,9,0,0
1513,9,0,0
1514,9,0,0
1515,9,0,0
1516,9,0,0
1517,9,0,0
1518,9,0,0
1519,9,0,0
1520,9,0,0
1521,9,0,0
1522,9,0,0
1523,9,0,0
1524,9,0,0
1525,9,0,0
1526,9,0,0
1527,9,0,0
1528,9,0,0
1529,9,0,0
1530,9,0,0
1531,9,0,0
1532,9,0,0
1533,9,0,0
1534,9,0,0
1535,9,0,0
1536,9,0,0
1537,9,0,0
1538,9,0,0
1539,9,0,0
1540,9,0,0
1541,9,0,0
1542,9,0,0
1543,9,0,0
1544,9,0,0
1545,9,0,0
1546,9,0,0
1547,9,0,0
1548,9,0,0
1549,9,0,0
1550,9,0,0
1551,9,0,0
1552,9,0,0
1553,9,0,0
1554,9,0,0
1555,9,0,0
1556,9,0,0
1557,9,0,0
1558,9,0,0
1559,9,0,0
1560,9,0,0
1561,9,0,0
1562,9,0,0
1563,9,0,0
1564,9,0,0
1565,9,0,0
1566,9,0,0
1567,9,0,0
1568,9,0,0
1569,9,0,0
1570,9,0,0
1571,9,0,0
1572,9,0,0
1573,9,0,0
1574,9,0,0
1575,9,0,0
1576,9,0,0
1577,9,0,0
1578,9,0,0
1579,9,0,0
1580,9,0,0
1581,9,0,0
1582,9,0,0
1583,9,0,0
1584,9,0,0
1585,9,0,0
1586,9,0,0
1587,9,0,0
1588,9,0,0
1589,9,0,0
1590,9,0,0
1591,9,0,0
1592,9,0,0
1593,9,0,0
1594,9,0,0
1595,9,0,0
1596,9,0,0
1597,9,0,0
1598,9,0,0
1599,9,0,0
1600,9,0,0
1601,9,0,0
1602,9,0,0
1603,9,0,0
1604,9,0,0
1605,9,0,0
1606,9,0,0
1607,9,0,0
1608,9,0,0
1609,9,0,0
1610,9,0,0
1611,9,0,0
1612,9,0,0
1613,9,0,0
1614,9,0,0
1615,9,0,0
1616,9,0,0
1617,9,0,0
1618,9,0,0
1619,9,0,0
1620,9,0,0
1621,9,0,0
1622,9,0,0
1623,9,0,0
1624,9,0,0
1625,9,0,0
1626,9,0,0
1627,9,0,0
1628,9,0,0
1629,9,0,0
1630,9,0,0
1631,9,0,0
1632,9,0,0
1633,9,0,0
1634,9,0,0
1635,9,0,0
1636,9,0,0
1637,9,0,0
1638,9,0,0
1639,9,0,0
1640,9,0,0
1641,9,0,0
1642,9,0,0
1643,9,0,0
1644,9,0,0
1645,9,0,0
1646,9,0,0
1647,9,0,0
1648,9,0,0
1649,9,0,0
1650,9,0,0
1651,9,0,0
1652,9,0,0
1653,9,0,0
1654,9,0,0
1655,9,0,0
1656,9,0,0
1657,9,0,0
1658,9,0,0
1659,9,0,0
1660,9,0,0
1661,9,0,0
1662,9,0,0
1663,9,0,0
1664,9,0,0
1665,9,0,0
1666,9,0,0
1667,9,0,0
1668,9,0,0
1669,9,0,0
1670,9,0,0
1671,9,0,0
1672,9,0,0
1673,9,0,0
1674,9,0,0
1675,9,0,0
1676,9,0,0
1677,9,0,0
1678,9,0,0
1679,9,0,0
1680,9,0,0
1681,9,0,0
1682,9,0,0
1683,9,0,0
1684,9,0,0
1685,9,0,0
1686,9,0,0
1687,9,0,0
1688,9,0,0
1689,9,0,0
1690,9,0,0
1691,9,0,0
1692,9,0,0
1693,9,0,0
1694,9,0,0
1695,9,0,0
1696,9,0,0
1697,9,0,0
1698,9,0,0
1699,9,0,0
1700,9,0,0
1701,9,0,0
1702,9,0,0
1703,9,0,0
1704,9,0,0
1705,9,0,0
1706,9,0,0
1707,9,0,0
1708,9,0,0
1709,9,0,0
1710,9,0,0
1711,9,0,0
1712,9,0,0
1713,9,0,0
1714,9,0,0
1715,9,0,0
1716,9,0,0
1717,9,0,0
1718,9,0,0
1719,9,0,0
1720,9,0,0
1721,9,0,0
1722,9,0,0
1723,9,0,0
1724,9,0,0
1725,9,0,0
1726,9,0,0
1727,9,0,0
1728,9,0,0
1729,9,0,0
1730,9,0,0
1731,9,0,0
1732,9,0,0
1733,9,0,0
1734,9,0,0
1735,9,0,0
1736,9,0,0
1737,9,0,0
1738,9,0,0
1739,9,0,0
1740,9,0,0
1741,9,0,0
1742,9,0,0
1743,9,0,0
1744,9,0,0
1745,9,0,0
1746,9,0,0
1747,9,0,0
1748,9,0,0
1749,9,0,0
1750,9,0,0
1751,9,0,0
1752,9,0,0
1753,9,0,0
1754,9,0,0
1755,9,0,0
1756,9,0,0
1757,9,0,0
1758,9,0,0
1759,9,0,0
1760,9,0,0
1761,9,0,0
1762,9,0,0
1763,9,0,0
1764,9,0,0
1765,9,0,0
1766,9,0,0
1767,9,0,0
1768,9,0,0
1769,9,0,0
1770,9,0,0
1771,9,0,0
1772,9,0,0
1773,9,0,0
1774,9,0,0
1775,9,0,0
1776,9,0,0
1777,9,0,0
1778,9,0,0
1779,9,0,0
1780,9,0,0
1781,9,0,0
1782,9,0,0
1783,9,0,0
1784,9,0,0
1785,9,0,0
1786,9,0,0
1787,9,0,0
1788,9,0,0
1789,9,0,0
1790,9,0,0
1791,9,0,0
1792,9,0,0
1793,9,0,0
1794,9,0,0
1795,9,0,0
1796,9,0,0
1797,9,0,0
1798,9,0,0
1799,9,0,0
1800,9,0,0
1801,9,0,0
1802,9,0,0
1803,9,0,0
1804,9,0,0
1805,9,0,0
1806,9,0,0
1807,9,0,0
1808,9,0,0
1809,9,0,0
1810,9,0,0
1811,9,0,0
1812,9,0,0
1813,9,0,0
1814,9,0,0
1815,9,0,0
1816,9,0,0
1817,9,0,0
1818,9,0,0
1819,9,0,0
1820,9,0,0
1821,9,0,0
1822,9,0,0
1823,9,0,0
1824,9,0,0
1825,9,0,0
1826,9,0,0
1827,9,0,0
1828,9,0,0
1829,9,0,0
1830,9,0,0
1831,9,0,0
1832,9,0,0
1833,9,0,0
1834,9,0,0
1835,9,0,0
1836,9,0,0
1837,9,0,0
1838,9,0,0
1839,9,0,0
1840,9,0,0
1841,9,0,0
1842,9,0,0
1843,9,0,0
1844,9,0,0
1845,9,0,0
1846,9,0,0
1847,9,0,0
1848,9,0,0
1849,9,0,0
1850,9,0,0
1851,9,0,0
1852,9,0,0
1853,9,0,0
1854,9,0,0
1855,9,0,0
1856,9,0,0
1857,9,0,0
1858,9,0,0
1859,9,0,0
1860,9,0,0
1861,9,0,0
1862,9,0,0
1863,9,0,0
1864,9,0,0
1865,9,0,0
1866,9,0,0
1867,9,0,0
1868,9,0,0
1869,9,0,0
1870,9,0,0
1871,9,0,0
1872,9,0,0
1873,9,0,0
1874,9,0,0
1875,9,0,0
1876,9,0,0
1877,9,0,0
1878,9,0,0
1879,9,0,0
1880,9,0,0
1881,9,0,0
1882,9,0,0
1883,9,0,0
1884,9,0,0
1885,9,0,0
1886,9,0,0
1887,9,0,0
1888,9,0,0
1889,9,0,0
1890,9,0,0
1891,9,0,0
1892,9,0,0
1893,9,0,0
1894,9,0,0
1895,9,0,0
1896,9,0,0
1897,9,0,0
1898,9,0,0
1899,9,0,0
1900,9,0,0
1901,9,0,0
1902,9,0,0
1903,9,0,0
1904,9,0,0
1905,9,0,0
1906,9,0,0
1907,9,0,0
1908,9,0,0
1909,9,0,0
1910,9,0,0
1911,9,0,0
1912,9,0,0
1913,9,0,0
1914,9,0,0
1915,9,0,0
1916,9,0,0
1917,9,0,0
1918,9,0,0
1919,9,0,0
1920,9,0,0
1921,9,0,0
1922,9,0,0
1923,9,0,0
1924,9,0,0
1925,9,0,0
1926,9,0,0
1927,9,0,0
1928,9,0,0
1929,9,0,0
1930,9,0,0
1931,9,0,0
1932,9,0,0
1933,9,0,0
1934,9,0,0
1935,9,0,0
1936,9,0,0
1937,9,0,0
1938,9,0,0
1939,9,0,0
1940,9,0,0
1941,9,0,0
1942,9,0,0
1943,9,0,0
1944,9,0,0
1945,9,0,0
1946,9,0,0
1947,9,0,0
1948,9,0,0
1949,9,0,0
1950,9,0,0
1951,9,0,0
1952,9,0,0
1953,9,0,0
1954,9,0,0
1955,9,0,0
1956,9,0,0
1957,9,0,0
1958,9,0,0
1959,9,0,0
1960,9,0,0
1961,9,0,0
1962,9,0,0
1963,9,0,0
1964,9,0,0
1965,9,0,0
1966,9,0,0
1967,9,0,0
1968,9,0,0
1969,9,0,0
1970,9,0,0
1971,9,0,0
1972,9,0,0
1973,9,0,0
1974,9,0,0
1975,9,0,0
1976,9,0,0
1977,9,0,0
1978,9,0,0
1979,9,0,0
1980,9,0,0
1981,9,0,0
1982,9,0,0
1983,9,0,0
1984,9,0,0
1985,9,0,0
1986,9,0,0
1987,9,0,0
1988,9,0,0
1989,9,0,0
1990,9,0,0
1991,9,0,0
1992,9,0,0
1993,9,0,0
1994,9,0,0
1995,9,0,0
1996,9,0,0
1997,9,0,0
1998,9,0,0
1999,9,0,0
2000,9,0,0
2001,9,0,0
2002,9,0,0
2003,9,0,0
2004,9,0,0
2005,9,0,0
2006,9,0,0
2007,9,0,0
2008,9,0,0
2009,9,0,0
2010,9,0,0
2011,9,0,0
2012,9,0,0
2013,9,0,0
2014,9,0,0
2015,9,0,0
2016,9,0,0
2017,9,0,0
2018,9,0,0
2019,9,0,0
2020,9,0,0
2021,9,0,0
2022,9,0,0
2023,9,0,0
2024,9,0,0
2025,9,0,0
2026,9,0,0
2027,9,0,0
2028,9,0,0
2029,9,0,0
2030,9,0,0
2031,9,0,0
2032,9,0,0
2033,9,0,0
2034,9,0,0
2035,9,0,0
2036,9,0,0
2037,9,0,0
2038,9,0,0
2039,9,0,0
2040,9,0,0
2041,9,0,0
2042,9,0,0
2043,9,0,0
2044,9,0,0
2045,9,0,0
2046,9,0,0
2047,9,0,0
2048,9,0,0
2049,9,0,0
2050,9,0,0
2051,9,0,0
2052,9,0,0
2053,9,0,0
2054,9,0,0
2055,9,0,0
2056,9,0,0
2057,9,0,0
2058,9,0,0
2059,9,0,0
2060,9,0,0
2061,9,0,0
2062,9,0,0
2063,9,0,0
2064,9,0,0
2065,9,0,0
2066,9,0,0
2067,9,0,0
2068,9,0,0
2069,9,0,0
2070,9,0,0
2071,9,0,0
2072,9,0,0
2073,9,0,0
2074,9,0,0
2075,9,0,0
2076,9,0,0
2077,9,0,0
2078,9,0,0
2079,9,0,0
2080,9,0,0
2081,9,0,0
2082,9,0,0
2083,9,0,0
2084,9,0,0
2085,9,0,0
2086,9,0,0
2087,9,0,0
2088,9,0,0
2089,9,0,0
2090,9,0,0
2091,9,0,0
2092,9,0,0
2093,9,0,0
2094,9,0,0
2095,9,0,0
2096,9,0,0
2097,9,0,0
2098,9,0,0
2099,9,0,0
2100,9,0,0
2101,9,0,0
2102,9,0,0
2103,9,0,0
2104,9,0,0
2105,9,0,0
2106,9,0,0
2107,9,0,0
2108,9,0,0
2109,9,0,0
2110,9,0,0
2111,9,0,0
2112,9,0,0
2113,9,0,0
2114,9,0,0
2115,9,0,0
2116,9,0,0
2117,9,0,0
2118,9,0,0
2119,9,0,0
2120,9,0,0
2121,9,0,0
2122,9,0,0
2123,9,0,0
2124,9,0,0
2125,9,0,0
2126,9,0,0
2127,9,0,0
2128,9,0,0
2129,9,0,0
2130,9,0,0
2131,9,0,0
2132,9,0,0
2133,9,0,0
2134,9,0,0
2135,9,0,0
2136,9,0,0
2137,9,0,0
2138,9,0,0
2139,9,0,0
2140,9,0,0
2141,9,0,0
2142,9,0,0
2143,9,0,0
2144,9,0,0
2145,9,0,0
2146,9,0,0
2147,9,0,0
2148,9,0,0
2149,9,0,0
2150,9,0,0
2151,9,0,0
2152,9,0,0
2153,9,0,0
2154,9,0,0
2155,9,0,0
2156,9,0,0
2157,9,0,0
2158,9,0,0
2159,9,0,0
2160,9,0,0
2161,9,0,0
2162,9,0,0
2163,9,0,0
2164,9,0,0
2165,9,0,0
2166,9,0,0
2167,9,0,0
2168,9,0,0
2169,9,0,0
2170,9,0,0
2171,9,0,0
2172,9,0,0
2173,9,0,0
2174,9,0,0
2175,9,0,0
2176,9,0,0
2177,9,0,0
2178,9,0,0
2179,9,0,0
2180,9,0,0
2181,9,0,0
2182,9,0,0
2183,9,0,0
2184,9,0,0
2185,9,0,0
2186,9,0,0
2187,9,0,0
2188,9,0,0
2189,9,0,0
2190,9,0,0
2191,9,0,0
2192,9,0,0
2193,9,0,0
2194,9,0,0
2195,9,0,0
2196,9,0,0
2197,9,0,0
2198,9,0,0
2199,9,0,0
2200,9,0,0
2201,9,0,0
2202,9,0,0
2203,9,0,0
2204,9,0,0
2205,9,0,0
2206,9,0,0
2207,9,0,0
2208,9,0,0
2209,9,0,0
2210,9,0,0
2211,9,0,0
2212,9,0,0
2213,9,0,0
2214,9,0,0
2215,9,0,0
2216,9,0,0
2217,9,0,0
2218,9,0,0
2219,9,0,0
2220,9,0,0
2221,9,0,0
2222,9,0,0
2223,9,0,0
2224,9,0,0
2225,9,0,0
2226,9,0,0
2227,9,0,0
2228,9,0,0
2229,9,0,0
2230,9,0,0
2231,9,0,0
2232,9,0,0
2233,9,0,0
2234,9,0,0
2235,9,0,0
2236,9,0,0
2237,9,0,0
2238,9,0,0
2239,9,0,0
2240,9,0,0
2241,9,0,0
2242,9,0,0
2243,9,0,0
2244,9,0,0
2245,9,0,0
2246,9,0,0
2247,9,0,0
2248,9,0,0
2249,9,0,0
2250,9,0,0
2251,9,0,0
2252,9,0,0
2253,9,0,0
2254,9,0,0
2255,9,0,0
2256,9,0,0
2257,9,0,0
2258,9,0,0
2259,9,0,0
2260,9,0,0
2261,9,0,0
2262,9,0,0
2263,9,0,0
2264,9,0,0
2265,9,0,0
2266,9,0,0
2267,9,0,0
2268,9,0,0
2269,9,0,0
2270,9,0,0
2271,9,0,0
2272,9,0,0
2273,9,0,0
2274,9,0,0
2275,9,0,0
2276,9,0,0
2277,9,0,0
2278,9,0,0
2279,9,0,0
2280,9,0,0
2281,9,0,0
2282,9,0,0
2283,9,0,0
2284,9,0,0
2285,9,0,0
2286,9,0,0
2287,9,0,0
2288,9,0,0
2289,9,0,0
2290,9,0,0
2291,9,0,0
2292,9,0,0
2293,9,0,0
2294,9,0,0
2295,9,0,0
2296,9,0,0
2297,9,0,0
2298,9,0,0
2299,9,0,0
2300,9,0,0
2301,9,0,0
2302,9,0,0
2303,9,0,0
2304,9,0,0
2305,9,0,0
2306,9,0,0
2307,9,0,0
2308,9,0,0
2309,9,0,0
2310,9,0,0
2311,9,0,0
2312,9,0,0
2313,9,0,0
2314,9,0,0
2315,9,0,0
2316,9,0,0
2317,9,0,0
2318,9,0,0
2319,9,0,0
2320,9,0,0
2321,9,0,0
2322,9,0,0
2323,9,0,0
2324,9,0,0
2325,9,0,0
2326,9,0,0
2327,9,0,0
2328,9,0,0
2329,9,0,0
2330,9,0,0
2331,9,0,0
2332,9,0,0
2333,9,0,0
2334,9,0,0
2335,9,0,0
2336,9,0,0
2337,9,0,0
2338,9,0,0
2339,9,0,0
2340,9,0,0
2341,9,0,0
2342,9,0,0
2343,9,0,0
2344,9,0,0
2345,9,0,0
2346,9,0,0
2347,9,0,0
2348,9,0,0
2349,9,0,0
2350,9,0,0
2351,9,0,0
2352,9,0,0
2353,9,0,0
2354,9,0,0
2355,9,0,0
2356,9,0,0
2357,9,0,0
2358,9,0,0
2359,9,0,0
2360,9,0,0
2361,9,0,0
2362,9,0,0
2363,9,0,0
2364,9,0,0
2365,9,0,0
2366,9,0,0
2367,9,0,0
2368,9,0,0
2369,9,0,0
2370,9,0,0
2371,9,0,0
2372,9,0,0
2373,9,0,0
2374,9,0,0
2375,9,0,0
2376,9,0,0
2377,9,0,0
2378,9,0,0
2379,9,0,0
2380,9,0,0
2381,9,0,0
2382,9,0,0
2383,9,0,0
2384,9,0,0
2385,9,0,0
2386,9,0,0
2387,9,0,0
2388,9,0,0
2389,9,0,0
2390,9,0,0
2391,9,0,0
2392,9,0,0
2393,9,0,0
2394,9,0,0
2395,9,0,0
2396,9,0,0
2397,9,0,0
2398,9,0,0
2399,9,0,0
2400,9,0,0
2401,9,0,0
2402,9,0,0
2403,9,0,0
2404,9,0,0
2405,9,0,0
2406,9,0,0
2407,9,0,0
2408,9,0,0
2409,9,0,0
2410,9,0,0
2411,9,0,0
2412,9,0,0
2413,9,0,0
2414,9,0,0
2415,9,0,0
2416,9,0,0
2417,9,0,0
2418,9,0,0
2419,9,0,0
2420,9,0,0
2421,9,0,0
2422,9,0,0
2423,9,0,0
2424,9,0,0
2425,9,0,0
2426,9,0,0
2427,9,0,0
2428,9,0,0
2429,9,0,0
2430,9,0,0
2431,9,0,0
2432,9,0,0
2433,9,0,0
2434,9,0,0
2435,9,0,0
2436,9,0,0
2437,9,0,0
2438,9,0,0
2439,9,0,0
2440,9,0,0
2441,9,0,0
2442,9,0,0
2443,9,0,0
2444,9,0,0
2445,9,0,0
2446,9,0,0
2447,9,0,0
2448,9,0,0
2449,9,0,0
2450,9,0,0
2451,9,0,0
2452,9,0,0
2453,9,0,0
2454,9,0,0
2455,9,0,0
2456,9,0,0
2457,9,0,0
2458,9,0,0
2459,9,0,0
2460,9,0,0
2461,9,0,0
2462,9,0,0
2463,9,0,0
2464,9,0,0
2465,9,0,0
2466,9,0,0
2467,9,0,0
2468,9,0,0
2469,9,0,0
2470,9,0,0
2471,9,0,0
2472,9,0,0
2473,9,0,0
2474,9,0,0
2475,9,0,0
2476,9,0,0
2477,9,0,0
2478,9,0,0
2479,9,0,0
2480,9,0,0
2481,9,0,0
2482,9,0,0
2483,9,0,0
2484,9,0,0
2485,9,0,0
2486,9,0,0
2487,9,0,0
2488,9,0,0
2489,9,0,0
2490,9,0,0
2491,9,0,0
2492,9,0,0
2493,9,0,0
2494,9,0,0
2495,9,0,0
2496,9,0,0
2497,9,0,0
2498,9,0,0
2499,9,0,0
2500,9,0,0
2501,9,0,0
2502,9,0,0
2503,9,0,0
2504,9,0,0
2505,9,0,0
2506,9,0,0
2507,9,0,0
2508,9,0,0
2509,9,0,0
2510,9,0,0
2511,9,0,0
2512,9,0,0
2513,9,0,0
2514,9,0,0
2515,9,0,0
2516,9,0,0
2517,9,0,0
2518,9,0,0
2519,9,0,0
2520,9,0,0
2521,9,0,0
2522,9,0,0
2523,9,0,0
2524,9,0,0
2525,9,0,0
2526,9,0,0
2527,9,0,0
2528,9,0,0
2529,9,0,0
2530,9,0,0
2531,9,0,0
2532,9,0,0
2533,9,0,0
2534,9,0,0
2535,9,0,0
2536,9,0,0
2537,9,0,0
2538,9,0,0
2539,9,0,0
2540,9,0,0
2541,9,0,0
2542,9,0,0
2543,9,0,0
2544,9,0,0
2545,9,0,0
2546,9,0,0
2547,9,0,0
2548,9,0,0
2549,9,0,0
2550,9,0,0
2551,9,0,0
2552,9,0,0
2553,9,0,0
2554,9,0,0
2555,9,0,0
2556,9,0,0
2557,9,0,0
2558,9,0,0
2559,9,0,0
2560,9,0,0
2561,9,0,0
2562,9,0,0
2563,9,0,0
2564,9,0,0
2565,9,0,0
2566,9,0,0
2567,9,0,0
2568,9,0,0
2569,9,0,0
2570,9,0,0
2571,9,0,0
2572,9,0,0
2573,9,0,0
2574,9,0,0
2575,9,0,0
2576,9,0,0
2577,9,0,0
2578,9,0,0
2579,9,0,0
2580,9,0,0
2581,9,0,0
2582,9,0,0
2583,9,0,0
2584,9,0,0
2585,9,0,0
2586,9,0,0
2587,9,0,0
2588,9,0,0
2589,9,0,0
2590,9,0,0
2591,9,0,0
2592,9,0,0
2593,9,0,0
2594,9,0,0
2595,9,0,0
2596,9,0,0
2597,9,0,0
2598,9,0,0
2599,9,0,0
2600,9,0,0
2601,9,0,0
2602,9,0,0
2603,9,0,0
2604,9,0,0
2605,9,0,0
2606,9,0,0
2607,9,0,0
2608,9,0,0
2609,9,0,0
2610,9,0,0
2611,9,0,0
2612,9,0,0
2613,9,0,0
2614,9,0,0
2615,9,0,0
2616,9,0,0
2617,9,0,0
2618,9,0,0
2619,9,0,0
2620,9,0,0
2621,9,0,0
2622,9,0,0
2623,9,0,0
2624,9,0,0
2625,9,0,0
2626,9,0,0
2627,9,0,0
2628,9,0,0
2629,9,0,0
2630,9,0,0
2631,9,0,0
2632,9,0,0
2633,9,0,0
2634,9,0,0
2635,9,0,0
2636,9,0,0
2637,9,0,0
2638,9,0,0
2639,9,0,0
2640,9,0,0
2641,9,0,0
2642,9,0,0
2643,9,0,0
2644,9,0,0
2645,9,0,0
2646,9,0,0
2647,9,0,0
2648,9,0,0
2649,9,0,0
2650,9,0,0
2651,9,0,0
2652,9,0,0
2653,9,0,0
2654,9,0,0
2655,9,0,0
2656,9,0,0
2657,9,0,0
2658,9,0,0
2659,9,0,0
2660,9,0,0
2661,9,0,0
2662,9,0,0
2663,9,0,0
2664,9,0,0
2665,9,0,0
2666,9,0,0
2667,9,0,0
2668,9,0,0
2669,9,0,0
2670,9,0,0
2671,9,0,0
2672,9,0,0
2673,9,0,0
2674,9,0,0
2675,9,0,0
2676,9,0,0
2677,9,0,0
2678,9,0,0
2679,9,0,0
2680,9,0,0
2681,9,0,0
2682,9,0,0
2683,9,0,0
2684,9,0,0
2685,9,0,0
2686,9,0,0
2687,9,0,0
2688,9,0,0
2689,9,0,0
2690,9,0,0
2691,9,0,0
2692,9,0,0
2693,9,0,0
2694,9,0,0
2695,9,0,0
2696,9,0,0
2697,9,0,0
2698,9,0,0
2699,9,0,0
2700,9,0,0
2701,9,0,0
2702,9,0,0
2703,9,0,0
2704,9,0,0
2705,9,0,0
2706,9,0,0
2707,9,0,0
2708,9,0,0
2709,9,0,0
2710,9,0,0
2711,9,0,0
2712,9,0,0
2713,9,0,0
2714,9,0,0
2715,9,0,0
2716,9,0,0
2717,9,0,0
